<?xml version="1.0" encoding="UTF-8" standalone="no"?>
<beast beautitemplate='Mascot' beautistatus='' namespace="beast.core:beast.evolution.alignment:beast.evolution.tree.coalescent:beast.core.util:beast.evolution.nuc:beast.evolution.operators:beast.evolution.sitemodel:beast.evolution.substitutionmodel:beast.evolution.likelihood" required="" version="2.6">


    <data id="sequences" spec="Alignment" name="alignment">
        <sequence id="id1" spec="Sequence" taxon="tax1" totalcount="4" value="ATAT"/>
        <sequence id="id2" spec="Sequence" taxon="tax2" totalcount="4" value="ATGG"/>
    </data>


<map name="Uniform" >beast.math.distributions.Uniform</map>
<map name="Exponential" >beast.math.distributions.Exponential</map>
<map name="LogNormal" >beast.math.distributions.LogNormalDistributionModel</map>
<map name="Normal" >beast.math.distributions.Normal</map>
<map name="Beta" >beast.math.distributions.Beta</map>
<map name="Gamma" >beast.math.distributions.Gamma</map>
<map name="LaplaceDistribution" >beast.math.distributions.LaplaceDistribution</map>
<map name="prior" >beast.math.distributions.Prior</map>
<map name="InverseGamma" >beast.math.distributions.InverseGamma</map>
<map name="OneOnX" >beast.math.distributions.OneOnX</map>


<run id="mcmc" spec="MCMC" chainLength="1000000">
    <state id="state" spec="State" storeEvery="5000">
        <stateNode id="Tree.t:sequences" spec="beast.app.mascot.beauti.TreeWithTrait">
            <typeTrait id="typeTraitSet.t:sequences" spec="beast.evolution.tree.TraitSet" traitname="type" value="tax1=Patient1,tax2=Patient2">
                <taxa id="TaxonSet.0" spec="TaxonSet">
                    <alignment idref="sequences"/>
                </taxa>
            </typeTrait>
            <trait id="dateTrait.t:sequences" spec="beast.evolution.tree.TraitSet" dateFormat="yyyy-M-dd" taxa="@TaxonSet.0" traitname="date" value="tax1=2019-10-12,tax2=2020-02-13"/>
            <taxonset idref="TaxonSet.0"/>
        </stateNode>
        <parameter id="Ne.t:sequences" spec="parameter.RealParameter" dimension="0" lower="0.01" name="stateNode">1.0</parameter>
        <parameter id="migration.t:sequences" spec="parameter.RealParameter" dimension="5" name="stateNode">1.0</parameter>
        <parameter id="indicator.t:sequences" spec="parameter.BooleanParameter" dimension="3" name="stateNode">true</parameter>
        <parameter id="clockRate.c:sequences" spec="parameter.RealParameter" name="stateNode">0.005</parameter>
        <parameter id="kappa.s:sequences" spec="parameter.RealParameter" lower="0.0" name="stateNode">2.0</parameter>
        <parameter id="gammaShape.s:sequences" spec="parameter.RealParameter" name="stateNode">1.0</parameter>
    </state>

    <init id="RandomTree.t:sequences" spec="beast.evolution.tree.RandomTree" estimate="false" initial="@Tree.t:sequences" taxa="@sequences">
        <populationModel id="ConstantPopulation0.t:sequences" spec="ConstantPopulation">
            <parameter id="randomPopSize.t:sequences" spec="parameter.RealParameter" name="popSize">1.0</parameter>
        </populationModel>
    </init>

    <distribution id="posterior" spec="util.CompoundDistribution">
        <distribution id="prior" spec="util.CompoundDistribution">
            <prior id="NePrior.t:sequences" name="distribution" x="@Ne.t:sequences">
                <LogNormal id="LogNormalDistributionModel.1" name="distr">
                    <parameter id="RealParameter.5" spec="parameter.RealParameter" estimate="false" name="M">0.0</parameter>
                    <parameter id="RealParameter.6" spec="parameter.RealParameter" estimate="false" lower="0.0" name="S" upper="5.0">1.0</parameter>
                </LogNormal>
            </prior>
            <prior id="ClockPrior.c:sequences" name="distribution" x="@clockRate.c:sequences">
                <Uniform id="Uniform.0" name="distr" upper="Infinity"/>
            </prior>
            <prior id="GammaShapePrior.s:sequences" name="distribution" x="@gammaShape.s:sequences">
                <Exponential id="Exponential.0" name="distr">
                    <parameter id="RealParameter.0" spec="parameter.RealParameter" lower="0.0" name="mean" upper="0.0">1.0</parameter>
                </Exponential>
            </prior>
            <prior id="KappaPrior.s:sequences" name="distribution" x="@kappa.s:sequences">
                <LogNormal id="LogNormalDistributionModel.0" name="distr">
                    <parameter id="RealParameter.3" spec="parameter.RealParameter" estimate="false" name="M">1.0</parameter>
                    <parameter id="RealParameter.4" spec="parameter.RealParameter" estimate="false" name="S">1.25</parameter>
                </LogNormal>
            </prior>
            <prior id="MigrationPrior.t:sequences" name="distribution" x="@migration.t:sequences">
                <Exponential id="Exponential.2" name="distr">
                    <parameter id="RealParameter.2" spec="parameter.RealParameter" lower="0.0" name="mean" upper="0.0">1.0</parameter>
                </Exponential>
            </prior>
            <distribution id="structuredCoalescent.t:sequences" spec="beast.mascot.distribution.Mascot">
                <!-- fieldName should contain,in this order, the names of the header of the CSV file for the patients' ID, the date, the event, and the traits -->
                <!-- inOutName should contain, in this order, the Event values in the CSV file corresponding to the addition and deletion of trait(s) -->
                <dynamics id="constant.t:sequences" spec="constrainedtree.PatientDynamics" Ne="@Ne.t:sequences" mCoeff="@migration.t:sequences"
                          indicator="@indicator.t:sequences"
                          fieldName="PatientID,Date,Event,Trait1,Trait2,Trait3" inOutName="Admission,Discharge"
                          csvFileName="/home/michael/beast_packages/population-trait-coalescent/examples/Records.csv" typeTrait="@typeTraitSet.t:sequences"/>
                <structuredTreeIntervals id="TreeIntervals.t:sequences" spec="beast.mascot.distribution.StructuredTreeIntervals" tree="@Tree.t:sequences"/>
            </distribution>
        </distribution>
        <distribution id="likelihood" spec="util.CompoundDistribution">
            <distribution id="treeLikelihood.sequences" spec="TreeLikelihood" data="@sequences" tree="@Tree.t:sequences" useAmbiguities="true">
                <siteModel id="SiteModel.s:sequences" spec="SiteModel" gammaCategoryCount="4" shape="@gammaShape.s:sequences">
                    <parameter id="mutationRate.s:sequences" spec="parameter.RealParameter" estimate="false" name="mutationRate">1.0</parameter>
                    <parameter id="proportionInvariant.s:sequences" spec="parameter.RealParameter" estimate="false" lower="0.0" name="proportionInvariant" upper="1.0">0.0</parameter>
                    <substModel id="hky.s:sequences" spec="HKY" kappa="@kappa.s:sequences">
                        <frequencies id="empiricalFreqs.s:sequences" spec="Frequencies" data="@sequences"/>
                    </substModel>
                </siteModel>
                <branchRateModel id="StrictClock.c:sequences" spec="beast.evolution.branchratemodel.StrictClockModel" clock.rate="@clockRate.c:sequences"/>
            </distribution>
        </distribution>
    </distribution>

    <operator id="TreeScaler.t:sequences" spec="ScaleOperator" tree="@Tree.t:sequences" weight="3.0"/>

    <operator id="RootScaler.t:sequences" spec="ScaleOperator" tree="@Tree.t:sequences" weight="1.0"/>

    <operator id="Uniform.t:sequences" spec="Uniform" tree="@Tree.t:sequences" weight="30.0"/>

    <operator id="SubtreeSlide.t:sequences" spec="SubtreeSlide" tree="@Tree.t:sequences" weight="15.0"/>

    <operator id="Narrow.t:sequences" spec="Exchange" tree="@Tree.t:sequences" weight="15.0"/>

    <operator id="WilsonBalding.t:sequences" spec="WilsonBalding" tree="@Tree.t:sequences" weight="3.0"/>

    <operator id="NeMigUpDownOperator.t:sequences" spec="UpDownOperator" scaleFactor="0.8" weight="1.5">
        <up idref="Tree.t:sequences"/>
        <up idref="Ne.t:sequences"/>
        <down idref="migration.t:sequences"/>
    </operator>

    <operator id="NeScaler.t:sequences" spec="ScaleOperator" parameter="@Ne.t:sequences" scaleAll="true" scaleFactor="0.8" weight="3.0"/>

    <operator id="MigrationScaler.t:sequences" spec="ScaleOperator" parameter="@migration.t:sequences" scaleFactor="0.8" weight="3.0"/>

    <operator id="indicatorChange.t:sequences" spec="BitFlipOperator" parameter="@indicator.t:sequences" weight="3.0"/>

    <operator id="StrictClockRateScaler.c:sequences" spec="ScaleOperator" parameter="@clockRate.c:sequences" scaleFactor="0.75" weight="3.0"/>

    <operator id="strictClockUpDownOperator.c:sequences" spec="UpDownOperator" scaleFactor="0.75" weight="3.0">
        <up idref="clockRate.c:sequences"/>
        <down idref="Tree.t:sequences"/>
    </operator>

    <operator id="KappaScaler.s:sequences" spec="ScaleOperator" parameter="@kappa.s:sequences" scaleFactor="0.5" weight="0.1"/>

    <operator id="gammaShapeScaler.s:sequences" spec="ScaleOperator" parameter="@gammaShape.s:sequences" scaleFactor="0.5" weight="0.1"/>

    <logger id="tracelog" spec="Logger" fileName="$(filebase).log" logEvery="5000">
        <log idref="posterior"/>
        <log idref="likelihood"/>
        <log idref="prior"/>
        <log idref="treeLikelihood.sequences"/>
        <log idref="structuredCoalescent.t:sequences"/>
        <log id="treeHeight.t:sequences" spec="beast.evolution.tree.TreeHeightLogger" tree="@Tree.t:sequences"/>
        <log idref="constant.t:sequences"/>
        <log idref="clockRate.c:sequences"/>
        <log idref="kappa.s:sequences"/>
        <log idref="gammaShape.s:sequences"/>
    </logger>

    <logger id="screenlog" spec="Logger" logEvery="1000">
        <log idref="posterior"/>
        <log id="ESS.0" spec="util.ESS" arg="@posterior"/>
        <log idref="likelihood"/>
        <log idref="prior"/>
    </logger>

    <logger id="treelog.t:sequences" spec="Logger" fileName="$(filebase).trees" logEvery="5000" mode="tree">
        <log id="structuredTreelog.t:sequences" spec="beast.mascot.logger.StructuredTreeLogger" mascot="@structuredCoalescent.t:sequences"/>
    </logger>

</run>

</beast>
